<?xml version="1.0" encoding="UTF-8" ?>

<configuration>

    <springProperty scope="context" name="log.dir" source="logging.file.path"/>

    <property name="pattern_root" value="%date %level [%thread] %logger [%file:%line] %msg%n"/>
    <property name="fileNamePattern_root_info" value="${log.dir}/info_%d{yyyyMMdd-HH}.log"/>
    <property name="fileNamePattern_root_error" value="${log.dir}/error_%d{yyyyMMdd-HH}.log"/>

    <appender name="consoleLog" class="ch.qos.logback.core.ConsoleAppender">
        <layout class="ch.qos.logback.classic.PatternLayout">
            <pattern>${pattern_root}</pattern>
        </layout>
    </appender>

    <appender name="fileInfoLog" class="ch.qos.logback.core.rolling.RollingFileAppender">
        <filter class="ch.qos.logback.classic.filter.LevelFilter">
            <level>ERROR</level>
            <onMatch>DENY</onMatch>
            <onMismatch>ACCEPT</onMismatch>
        </filter>
        <encoder>
            <pattern>${pattern_root}</pattern>
        </encoder>
        <!--滚动策略-->
        <rollingPolicy class="ch.qos.logback.core.rolling.TimeBasedRollingPolicy">
            <!--路径-->
            <fileNamePattern>${fileNamePattern_root_info}</fileNamePattern>
            <!-- 如果当前是按小时保存，则保存 120 小时（= 5 天）内的日志 -->
            <maxHistory>120</maxHistory>
        </rollingPolicy>
    </appender>

    <appender name="fileErrorLog" class="ch.qos.logback.core.rolling.RollingFileAppender">
        <filter class="ch.qos.logback.classic.filter.ThresholdFilter">
            <level>ERROR</level>
        </filter>
        <encoder>
            <pattern>${pattern_root}</pattern>
        </encoder>
        <!--滚动策略-->
        <rollingPolicy class="ch.qos.logback.core.rolling.TimeBasedRollingPolicy">
            <!--路径-->
            <fileNamePattern>${fileNamePattern_root_error}</fileNamePattern>
            <!-- 如果当前是按小时保存，则保存 120 小时（= 5 天）内的日志 -->
            <maxHistory>120</maxHistory>
        </rollingPolicy>
    </appender>

    <root level="info">
        <appender-ref ref="consoleLog"/>
        <appender-ref ref="fileInfoLog"/>
        <appender-ref ref="fileErrorLog"/>
    </root>

</configuration>